position	consensus_aas	frequencies	occupancy	max_freq	entropy	conservation_class	region	allows_insertion
1	G,A,K,Q,M	0.397,0.171,0.155,0.095,0.087	0.291	0.397	2.528	rare	FR1	false
2	Q,K,T,D,A	0.477,0.120,0.102,0.100,0.052	0.740	0.477	2.520	variable	FR1	false
3	Q,E,K,N,S	0.265,0.205,0.171,0.167,0.144	0.953	0.265	2.558	variable	FR1	false
4	V,I,T	0.733,0.141,0.091	0.965	0.733	1.211	conserved	FR1	false
5	E,T,D,R	0.412,0.340,0.129,0.056	0.965	0.412	2.038	variable	FR1	false
6	Q	0.999	0.976	0.999	0.013	highly_conserved	FR1	false
7	S,N,D,P,T,I	0.432,0.159,0.083,0.071,0.062,0.061	0.763	0.432	2.653	variable	FR1	false
8	P,S,E,D	0.686,0.119,0.061,0.051	0.980	0.686	1.593	variable	FR1	false
9	Q,G,T,A,P,S	0.232,0.226,0.155,0.092,0.082,0.082	0.997	0.232	2.975	variable	FR1	false
10	S,P,E,A	0.323,0.188,0.160,0.121	1.000	0.323	2.889	variable	FR1	false
11	L,M,V	0.561,0.246,0.136	1.000	0.561	1.647	variable	FR1	false
12	S,T,V,I,D	0.372,0.274,0.082,0.079,0.058	1.000	0.372	2.607	variable	FR1	false
13	V,A,L,I,S	0.582,0.125,0.120,0.084,0.055	1.000	0.582	1.901	variable	FR1	false
14	P,Q,T,S,R,W	0.246,0.169,0.147,0.121,0.092,0.054	1.000	0.246	3.150	variable	FR1	false
15	E,Q	0.923,0.075	1.000	0.923	0.408	highly_conserved	FR1	false
16	G	0.890	1.000	0.890	0.727	conserved	FR1	false
17	A,E,D	0.421,0.317,0.066	1.000	0.421	2.304	variable	FR1	false
18	I,N,S,T,D	0.276,0.210,0.133,0.110,0.054	1.000	0.276	3.026	variable	FR1	false
19	V,A,L,S,C	0.351,0.276,0.161,0.104,0.074	1.000	0.351	2.256	variable	FR1	false
20	S,T,Q,V,N,I	0.216,0.175,0.164,0.163,0.075,0.061	1.000	0.216	3.081	variable	FR1	false
21	L,I	0.662,0.232	1.000	0.662	1.388	variable	FR1	false
22	N,R,Q,P,T	0.548,0.128,0.104,0.065,0.054	1.000	0.548	2.249	variable	FR1	false
23	C	1.000	1.000	1.000	-0.000	highly_conserved	FR1	false
24	T,N,S	0.443,0.288,0.201	1.000	0.443	1.853	variable	FR1	false
25	Y,F,H,S	0.726,0.119,0.088,0.067	1.000	0.726	1.271	conserved	FR1	false
26	S,T,Q,E	0.531,0.147,0.139,0.092	1.000	0.531	2.125	variable	FR1	false
27	T,D,N,V,S,Y	0.306,0.257,0.124,0.120,0.087,0.058	1.000	0.306	2.588	variable	CDR1	false
28	S,T,R,I	0.529,0.158,0.150,0.102	1.000	0.529	2.049	variable	CDR1	false
29	G,A,P,S	0.284,0.243,0.101,0.086	1.000	0.284	3.081	variable	CDR1	false
30	G,T,S,I	0.425,0.299,0.118,0.063	0.147	0.425	2.152	rare	CDR1	false
35	A	1.000	0.009	1.000	-0.000	rare	CDR1	false
36	F,S,T,D,N,I	0.318,0.220,0.107,0.101,0.077,0.052	0.882	0.318	2.811	variable	CDR1	false
37	N,Q,P,Y,D	0.309,0.176,0.133,0.114,0.104	1.000	0.309	2.863	variable	CDR1	false
38	Y,S,G,N,H,A	0.366,0.187,0.148,0.125,0.075,0.055	1.000	0.366	2.551	variable	CDR1	false
39	L,F,V,I	0.561,0.292,0.072,0.055	1.000	0.561	1.615	variable	FR2	false
40	F,Q,R,P	0.453,0.142,0.101,0.086	1.000	0.453	2.596	variable	FR2	false
41	W	1.000	1.000	1.000	-0.000	highly_conserved	FR2	false
42	Y,F	0.825,0.175	1.000	0.825	0.668	conserved	FR2	false
43	R,Q,K,V	0.413,0.212,0.207,0.140	1.000	0.413	2.031	variable	FR2	false
44	Q	0.955	1.000	0.955	0.334	highly_conserved	FR2	false
45	Y,D,H,E,F,N	0.272,0.202,0.165,0.080,0.077,0.071	1.000	0.272	2.979	variable	FR2	false
46	P,S,A,T	0.410,0.242,0.135,0.118	0.997	0.410	2.264	variable	FR2	false
47	G,R,S	0.645,0.132,0.123	0.999	0.645	1.694	variable	FR2	false
48	K,E,Q,G,R	0.366,0.295,0.171,0.089,0.067	1.000	0.366	2.141	variable	FR2	false
49	G,S,A,E	0.546,0.175,0.147,0.053	1.000	0.546	1.988	variable	FR2	false
50	P,L	0.651,0.325	0.997	0.651	1.075	variable	FR2	false
51	E,V,Q,T,I,K,A	0.212,0.188,0.186,0.179,0.077,0.071,0.058	1.000	0.212	2.786	variable	FR2	false
52	L,F,S,Y	0.416,0.234,0.154,0.065	1.000	0.416	2.368	variable	FR2	false
53	L,I,V	0.753,0.195,0.052	1.000	0.753	0.991	conserved	FR2	false
54	I,M,L,S,T,F	0.255,0.203,0.180,0.127,0.114,0.102	1.000	0.255	2.589	variable	FR2	false
55	Y,S,K,V,L,H,F,R	0.237,0.145,0.120,0.094,0.071,0.065,0.055,0.054	1.000	0.237	3.376	variable	FR2	false
56	I,L,N,G,Y,V	0.321,0.145,0.126,0.088,0.081,0.059	1.000	0.321	3.056	variable	CDR2	false
57	Y,V,L,T,R,F	0.259,0.220,0.096,0.095,0.087,0.059	0.999	0.259	3.166	variable	CDR2	false
58	S,L,K,D,T	0.521,0.149,0.099,0.075,0.069	0.995	0.521	2.299	variable	CDR2	false
59	A,N,G,Q,S,V,Y	0.165,0.156,0.147,0.143,0.132,0.103,0.051	0.526	0.165	3.109	variable	CDR2	false
62	D,A,K	0.639,0.213,0.130	0.125	0.639	1.377	rare	CDR2	false
63	D,N,K,S,G,E,Q	0.187,0.168,0.115,0.111,0.101,0.098,0.076	0.834	0.187	3.237	variable	CDR2	false
64	G,D,E,N,R,Q	0.376,0.167,0.079,0.076,0.068,0.057	0.999	0.376	2.910	variable	CDR2	false
65	K,N,E,L,D,V,T	0.197,0.152,0.147,0.144,0.119,0.100,0.076	0.999	0.197	3.041	variable	CDR2	false
66	K,E,T,Q	0.466,0.183,0.104,0.099	1.000	0.466	2.373	variable	FR3	false
67	E,S,T,G,K	0.427,0.162,0.133,0.087,0.068	1.000	0.427	2.579	variable	FR3	false
68	N,D,K,S,E	0.275,0.251,0.161,0.126,0.054	1.000	0.275	2.724	variable	FR3	false
74	G,N,E,Q	0.680,0.080,0.077,0.051	1.000	0.680	1.710	variable	FR3	false
75	R,G,M	0.753,0.148,0.065	1.000	0.753	1.184	conserved	FR3	false
76	F,L,Y,A	0.538,0.201,0.132,0.088	1.000	0.538	1.839	variable	FR3	false
77	S,T,E	0.377,0.329,0.124	1.000	0.377	2.306	variable	FR3	false
78	A,S,V,L	0.547,0.161,0.099,0.098	1.000	0.547	2.054	variable	FR3	false
79	T,F,Q,E,S	0.266,0.209,0.202,0.081,0.057	1.000	0.266	2.868	variable	FR3	false
80	L,F,I	0.550,0.253,0.088	1.000	0.550	1.816	variable	FR3	false
81	N,D,S	0.302,0.255,0.166	1.000	0.302	2.827	variable	FR3	false
82	K,R,A,E	0.580,0.166,0.069,0.062	1.000	0.580	1.996	variable	FR3	false
83	S,A,D,K,T,R	0.360,0.202,0.191,0.077,0.062,0.055	0.986	0.360	2.510	variable	FR3	false
84	S,E,K,A,R,T	0.265,0.162,0.157,0.138,0.130,0.082	0.986	0.265	2.801	variable	FR3	true
85	K,G,Q,S,T	0.415,0.191,0.139,0.097,0.074	1.000	0.415	2.379	variable	FR3	false
86	Y,S,H,R,K	0.358,0.305,0.141,0.057,0.054	1.000	0.358	2.348	variable	FR3	false
87	S,F,V,I,L	0.519,0.208,0.111,0.074,0.062	1.000	0.519	1.998	variable	FR3	false
88	S,T,Y,H	0.384,0.239,0.145,0.127	1.000	0.384	2.345	variable	FR3	false
89	L	0.975	1.000	0.975	0.171	highly_conserved	FR3	false
90	H,L,Y,I,R	0.291,0.275,0.092,0.068,0.060	1.000	0.291	2.931	variable	FR3	false
91	I,L,K	0.639,0.221,0.140	1.000	0.639	1.291	variable	FR3	false
92	T,R,K,A,P,S	0.258,0.223,0.148,0.132,0.110,0.077	1.000	0.258	2.732	variable	FR3	false
93	D,A,S,E	0.311,0.268,0.164,0.145	1.000	0.311	2.418	variable	FR3	false
94	S,A,V,L,T	0.458,0.153,0.128,0.127,0.120	1.000	0.458	2.141	variable	FR3	false
95	Q,L,H,T	0.676,0.077,0.076,0.057	1.000	0.676	1.774	variable	FR3	false
96	P,L,M	0.375,0.289,0.151	1.000	0.375	2.426	variable	FR3	false
97	S,G,K,E,D,R	0.405,0.161,0.127,0.092,0.076,0.065	1.000	0.405	2.596	variable	FR3	false
98	D	0.993	1.000	0.993	0.064	highly_conserved	FR3	false
99	S,T,A	0.728,0.177,0.079	1.000	0.728	1.160	conserved	FR3	false
100	A,G	0.905,0.095	1.000	0.905	0.452	highly_conserved	FR3	false
101	T,V,S,L	0.420,0.245,0.171,0.062	1.000	0.420	2.204	variable	FR3	false
102	Y	1.000	1.000	1.000	-0.000	highly_conserved	FR3	false
103	L,F,Y,I	0.423,0.348,0.123,0.098	1.000	0.423	1.811	variable	FR3	false
104	C	0.994	1.000	0.994	0.051	highly_conserved	FR3	false
105	A,V,I	0.778,0.123,0.061	1.000	0.778	1.128	conserved	CDR3	false
106	V,A,L,M	0.531,0.172,0.112,0.052	1.000	0.531	2.228	variable	CDR3	false
107	S,R,G,K,T,N	0.246,0.142,0.136,0.082,0.052,0.052	1.000	0.246	3.545	variable	CDR3	false
108	D,G,A,E,T	0.321,0.164,0.085,0.070,0.057	0.997	0.321	3.328	variable	CDR3	false
109	S,G,R,D,A,Q,T	0.251,0.177,0.117,0.078,0.068,0.057,0.054	0.980	0.251	3.366	variable	CDR3	false
110	G,S,N,A	0.400,0.238,0.095,0.053	0.607	0.400	2.708	variable	CDR3	false
111	S,G,N	0.470,0.239,0.077	0.286	0.470	2.381	rare	CDR3	true
112	G,A,T,S,N	0.287,0.263,0.147,0.120,0.114	0.386	0.287	2.534	rare	CDR3	true
113	N,G,S,L,T,A	0.247,0.148,0.125,0.111,0.101,0.099	0.909	0.247	3.215	variable	CDR3	false
114	Y,G,N,S,Q,D	0.308,0.244,0.135,0.064,0.064,0.063	0.995	0.308	2.876	variable	CDR3	false
115	K,Q,R	0.466,0.212,0.129	1.000	0.466	2.450	variable	CDR3	false
116	L	0.775	1.000	0.775	1.447	conserved	CDR3	false
117	I,T,V,H,Y	0.377,0.310,0.083,0.073,0.069	1.000	0.377	2.417	variable	CDR3	false
118	F,W	0.854,0.146	1.000	0.854	0.599	conserved	FR4	false
119	G	1.000	1.000	1.000	-0.000	highly_conserved	FR4	false
120	A,K,T,S,Q,R	0.279,0.175,0.142,0.134,0.106,0.062	1.000	0.279	2.905	variable	FR4	false
121	G	1.000	1.000	1.000	-0.000	highly_conserved	FR4	false
122	T	0.985	1.000	0.985	0.118	highly_conserved	FR4	false
123	K,R,Q,S,T	0.281,0.257,0.179,0.088,0.061	1.000	0.281	2.712	variable	FR4	false
124	L,V	0.912,0.087	1.000	0.912	0.438	highly_conserved	FR4	false
125	I,T,S,Q,L	0.284,0.232,0.140,0.087,0.073	1.000	0.284	2.955	variable	FR4	false
126	V,I	0.769,0.229	1.000	0.769	0.801	conserved	FR4	false
127	K,I,L,H,T,N	0.317,0.179,0.096,0.058,0.057,0.054	1.000	0.317	3.219	variable	FR4	false
128	P	0.945	0.986	0.945	0.394	highly_conserved	FR4	false
